domain_in_ip,length_url,url_shortened,qty_at_url,qty_dot_domain,tls_ssl_certificate,qty_hyphen_domain,url_google_index,domain_google_index,time_domain_activation,time_domain_expiration,phishing
0,239,0,0,0,0,0,1,1,-1,-1,1
0,51,0,1,1,1,0,0,0,2652,1365,1
0,23,0,0,2,0,0,0,1,6559,379,0
0,16,0,0,2,0,0,0,1,5377,135,0
0,124,0,1,1,0,0,0,0,4269,113,1
0,238,0,1,1,0,0,0,0,4513,234,1
0,90,0,1,2,1,0,0,0,-1,-1,1
0,14,0,0,1,1,0,-1,0,3121,165,0
0,122,0,1,1,0,0,0,0,4950,527,1
0,70,0,1,2,1,1,0,0,6289,650,1
0,66,0,1,1,0,0,0,0,505,224,1
0,35,0,1,1,0,0,0,0,1864,1057,1
0,40,1,0,1,1,0,0,0,-1,-1,1
0,129,0,1,4,0,6,0,0,-1,-1,1
1,35,0,0,3,0,0,0,0,-1,-1,1
0,197,0,1,2,0,0,0,0,1637,188,1
0,55,0,1,1,0,0,0,0,3246,56,1
0,155,0,1,2,0,0,0,0,4376,6,1
0,83,0,1,2,0,0,0,0,810,284,1
0,78,0,1,1,1,0,0,0,31,333,1
0,106,0,1,3,0,0,0,0,-1,-1,1
0,330,0,1,2,1,1,0,0,31,333,1
0,47,0,1,1,0,0,0,0,364,0,1
0,19,0,0,2,0,1,1,1,6707,231,0
0,531,0,1,2,1,0,0,0,-1,-1,1
0,12,1,0,1,1,0,0,0,1540,285,1
0,64,0,1,1,1,0,0,0,781,313,1
0,54,0,1,1,1,0,0,0,4311,436,1
0,62,0,1,1,0,1,0,0,1240,220,1
0,20,0,0,2,0,0,1,0,7544,110,0
1,28,0,0,3,0,0,0,0,-1,-1,1
0,24,0,0,2,1,0,1,0,5379,99,0
0,25,0,0,1,1,0,0,1,4090,292,0
0,28,0,0,2,0,0,-1,-1,-1,-1,0
0,199,0,1,2,0,0,0,0,1637,188,1
0,124,0,1,1,1,0,0,0,948,147,1
0,103,0,1,1,1,0,0,0,3137,149,1
0,282,0,1,1,1,0,0,0,3178,108,1
0,109,0,1,3,0,0,0,0,-1,-1,1
0,22,0,0,3,0,0,-1,-1,-1,-1,0
0,100,0,1,1,0,0,0,0,1405,55,1
0,58,0,1,1,1,0,0,0,2127,63,1
0,75,0,1,1,0,0,0,0,209,155,1
0,181,0,1,1,0,0,0,0,267,97,1
0,73,0,1,2,1,0,0,0,2946,340,1
0,87,0,1,1,0,0,0,0,2851,70,1
0,294,0,1,1,0,0,0,0,4882,230,1
0,74,0,1,1,1,0,0,0,2413,143,1
0,67,0,1,1,1,0,0,0,3761,1716,1
0,104,0,1,2,1,0,0,0,1798,27,1
0,289,0,1,2,0,0,0,0,-1,-1,1
0,51,0,1,1,1,0,0,0,7399,269,1
0,84,0,1,1,0,0,0,0,2925,361,1
0,63,0,1,2,1,0,0,0,792,302,1
0,72,0,1,1,1,0,0,0,2395,161,1
0,108,0,1,3,0,0,0,0,2305,250,1
0,52,0,1,1,0,0,0,0,1075,385,1
1,30,0,0,3,0,0,0,0,-1,-1,1
0,82,0,1,1,0,0,0,0,1081,14,1
0,13,1,0,1,0,0,0,0,4818,122,1
0,118,0,1,2,0,0,0,0,-1,-1,1
0,61,0,1,1,0,0,0,0,1331,860,1
0,64,0,1,1,1,0,0,0,1497,328,1
0,13,1,0,1,1,0,0,0,3805,211,1
0,11,0,0,2,1,0,0,1,9059,435,0
0,62,0,1,3,0,0,0,0,-1,-1,1
0,268,0,1,0,0,0,0,0,-1,-1,1
0,44,0,1,2,1,0,0,0,-1,-1,1
0,119,0,1,1,0,0,0,0,568,161,1
0,16,1,0,1,1,0,0,0,4554,193,1
0,265,0,1,0,0,0,0,0,-1,-1,1
0,178,0,1,1,0,0,0,0,267,97,1
0,60,0,1,1,1,0,0,0,2652,1365,1
0,238,0,1,2,0,0,0,0,1488,337,1
0,103,0,1,2,0,0,0,0,290,74,1
0,59,0,1,2,0,0,0,0,1027,68,1
0,57,0,1,2,0,0,0,0,1229,231,1
0,15,0,0,2,0,0,1,1,7897,3425,0
0,13,1,0,1,1,0,0,0,1538,287,1
0,67,0,1,1,1,0,0,0,4770,342,1
1,14,0,0,3,0,0,0,0,-1,-1,1
0,18,0,0,2,0,0,1,0,6845,94,0
0,23,1,0,2,1,0,0,0,4556,191,1
0,54,0,1,1,1,0,0,0,700,29,1
0,11,1,0,1,1,0,0,1,-1,-1,1
0,273,0,2,1,0,0,0,0,-1,-1,1
0,16,1,0,2,0,0,0,0,2011,179,1
1,17,0,0,3,0,0,0,0,738,-1,1
0,69,0,1,1,1,0,0,0,2113,77,1
0,11,0,0,1,0,0,0,1,7617,51,0
0,324,0,1,2,0,1,0,0,3545,106,1
0,113,0,1,1,1,0,0,0,3137,149,1
0,42,0,1,1,1,0,0,0,1110,350,1
0,86,0,1,2,0,0,0,0,3110,176,1
0,232,0,1,1,0,0,0,0,2341,610,1
0,286,0,1,1,1,0,0,0,3178,108,1
0,60,0,1,1,0,0,0,0,3114,172,1
0,25,1,0,1,1,0,0,0,-1,-1,1
0,84,0,1,1,1,0,0,0,2706,215,1
0,185,0,1,1,0,0,0,0,5130,347,1
0,100,0,1,2,0,0,0,0,-1,-1,1
0,67,0,0,1,0,0,0,1,-1,-1,1
0,123,0,1,1,1,0,0,0,948,147,1
0,83,0,1,1,1,0,0,0,839,255,1
0,65,0,1,1,0,0,0,0,3473,178,1
0,23,0,0,2,1,0,1,1,5292,185,0
0,273,0,1,2,0,1,0,0,3544,107,1
0,18,0,0,2,0,0,1,0,6469,835,0
0,198,0,1,1,0,0,0,0,1047,48,1
0,230,0,1,1,0,0,0,0,2019,171,1
0,83,0,1,2,0,0,0,0,287,77,1
0,12,0,0,2,0,0,1,0,6982,322,0
0,73,0,1,2,1,0,0,0,-1,-1,1
0,23,0,0,3,0,0,-1,-1,-1,-1,0
0,86,0,1,2,1,0,0,0,-1,-1,1
0,249,0,1,1,0,0,0,0,199,165,1
0,148,0,1,1,0,0,0,0,7246,788,1
0,13,0,0,2,1,0,0,1,-1,-1,0
0,83,0,1,2,0,0,0,0,-1,-1,1
0,24,0,0,2,0,0,-1,-1,-1,-1,0
0,303,0,1,2,0,0,0,0,2937,349,1
0,80,0,1,1,1,0,0,0,109,621,1
0,24,0,0,2,1,0,0,1,7828,573,0
0,72,0,1,2,0,0,0,0,637,92,1
1,74,0,0,3,0,0,0,0,1183,-1,1
0,63,0,1,3,0,0,0,0,-1,-1,1
0,43,0,1,2,0,0,0,0,-1,-1,1
0,221,0,1,1,0,0,0,0,4513,234,1
1,98,0,0,3,0,0,0,0,2084,-1,1
0,113,0,1,1,1,0,0,0,1093,367,1
0,142,0,1,2,0,0,0,0,-1,-1,1
0,15,1,0,2,0,0,0,0,2732,555,1
0,130,0,1,2,0,0,0,0,-1,-1,1
0,242,0,1,1,1,0,0,0,182,182,1
1,27,0,0,3,0,0,0,0,485,-1,1
0,84,0,1,1,0,0,0,0,2627,294,1
0,102,0,1,1,0,0,0,0,1167,293,1
0,73,0,1,2,1,0,0,0,2079,111,1
0,155,0,1,3,0,0,0,0,-1,-1,1
0,38,0,1,1,1,0,0,0,1232,228,1
0,341,0,1,1,1,1,0,0,871,589,1
0,91,0,1,2,1,0,0,0,-1,-1,1
1,54,0,0,3,0,0,0,0,893,-1,1
0,63,0,1,2,0,0,0,0,753,341,1
0,80,0,1,2,1,0,0,0,-1,-1,1
0,102,0,1,1,0,0,0,0,2225,330,1
0,57,0,1,2,0,0,0,0,1388,72,1
0,27,0,0,3,0,0,1,0,-1,-1,0
1,42,0,0,3,0,0,0,0,-1,-1,1
0,76,0,1,1,1,0,0,0,1144,316,1
0,66,0,1,2,0,0,0,0,1388,72,1
0,78,0,1,1,0,0,0,0,1081,14,1
0,71,0,1,1,0,1,0,0,1240,220,1
0,14,1,0,1,0,0,0,0,7249,785,1
1,26,0,0,3,0,0,0,0,1208,-1,1
0,69,0,1,3,1,0,0,0,3465,2378,1
0,65,0,1,1,0,0,0,0,260,104,1
0,176,0,1,2,0,0,0,0,-1,-1,1
0,291,0,1,2,0,0,0,0,-1,-1,1
0,94,0,1,1,0,0,0,0,2321,234,1
0,37,0,1,1,0,1,0,0,1417,407,1
0,15,0,0,1,0,0,-1,-1,-1,-1,0
0,20,0,0,2,0,0,1,1,6957,347,0
0,16,1,0,2,0,0,0,0,2013,177,1
0,108,0,0,1,1,0,0,1,174,921,1
1,24,0,0,3,0,0,0,0,-1,-1,1
0,16,0,0,2,0,0,1,1,8108,290,0
0,61,0,1,2,0,0,0,0,4017,731,1
0,250,0,1,1,0,0,0,0,199,165,1
0,30,1,0,1,1,0,0,0,4817,123,1
0,113,0,1,3,1,3,0,0,-1,-1,1
0,21,1,0,1,0,0,0,0,3165,120,1
0,60,0,1,1,0,0,0,0,1445,15,1
0,269,0,1,1,0,0,0,0,3645,6,1
0,12,1,0,1,1,0,0,0,-1,-1,1
0,28,0,0,3,0,0,0,1,4126,256,0
0,77,0,4,2,1,0,0,0,367,3,1
0,18,0,0,3,1,0,0,1,7708,326,0
0,13,0,0,2,1,0,0,1,5934,274,0
0,278,0,1,2,0,0,0,0,2528,28,1
0,68,0,1,1,1,0,0,0,2055,135,1
0,20,0,0,3,0,0,-1,-1,-1,-1,0
0,185,0,1,2,0,0,0,0,1052,43,1
0,80,0,1,1,1,0,0,0,21,709,1
0,66,0,1,2,0,0,0,0,-1,-1,1
0,278,0,1,2,0,1,0,0,3545,106,1
0,341,0,1,2,1,0,0,0,326,38,1
0,63,0,1,1,1,0,0,0,967,493,1
0,49,0,1,2,0,0,0,0,5600,243,1
0,64,0,1,1,1,0,0,0,345,19,1
0,81,0,1,1,0,0,0,0,370,359,1
0,55,0,1,2,0,0,0,0,1228,232,1
0,141,0,1,1,0,0,0,0,7245,789,1
0,73,0,2,1,1,0,0,0,600,129,1
0,17,0,0,2,1,0,0,1,7241,793,0
0,90,0,1,2,1,0,0,0,1654,902,1
0,238,0,1,1,0,0,0,0,4514,233,1
0,77,0,1,2,1,0,0,0,2946,340,1
0,17,0,0,2,1,0,1,0,5558,285,0
0,75,0,1,1,1,0,0,0,4600,147,1
0,104,0,1,2,1,0,0,0,2928,2185,1
0,87,0,1,1,0,0,0,0,5078,34,1
0,222,0,1,2,0,0,0,0,-1,-1,1
0,11,1,0,1,1,0,0,0,6094,2671,0
0,68,0,1,1,1,0,0,0,3761,1716,1
1,12,0,0,3,0,0,0,0,-1,-1,0
0,50,0,0,2,1,0,0,1,-1,-1,1
0,131,0,1,2,0,0,0,0,-1,-1,1
0,70,0,1,1,0,0,0,0,2769,152,1
0,65,0,1,2,1,0,0,0,-1,-1,1
0,15,1,0,1,0,0,0,0,6715,287,1
0,29,1,0,1,1,0,0,0,4556,191,1
0,12,1,0,1,1,0,0,0,2668,253,1
0,65,0,1,2,0,0,0,0,3051,235,1
0,28,0,0,2,0,0,0,1,6975,329,0
0,94,0,1,1,0,0,0,0,1166,294,1
0,91,0,1,1,1,0,0,0,2915,371,1
0,101,0,1,1,0,0,0,0,-1,-1,1
0,344,0,1,2,1,0,0,0,-1,-1,1
0,376,0,1,2,0,0,0,0,5557,215,1
0,60,0,1,1,0,0,0,0,2394,162,1
0,67,0,4,2,1,0,0,0,367,3,1
0,12,0,0,2,1,0,0,1,8181,219,0
0,291,0,1,2,1,0,0,0,586,143,1
0,19,0,0,2,0,0,1,0,2009,181,0
0,72,0,1,1,0,0,0,0,2532,24,1
0,230,0,1,1,1,0,0,0,1626,199,1
0,123,0,1,1,1,0,0,0,939,156,1
0,77,0,1,2,1,2,0,0,-1,-1,1
0,88,0,1,2,0,0,0,0,3742,274,1
0,17,1,0,1,1,0,0,0,5407,436,1
0,70,0,1,1,1,0,0,0,4770,342,1
0,52,0,1,1,1,0,0,0,2881,40,1
0,19,0,0,2,1,0,1,1,7433,1696,0
0,108,0,1,1,0,0,0,0,1699,491,1
1,36,0,0,3,0,0,0,0,3599,-1,1
0,40,0,2,2,1,0,0,0,-1,-1,1
0,62,0,1,1,1,0,0,0,2410,146,1
0,236,0,1,1,0,0,0,0,2341,610,1
0,19,0,0,1,1,0,0,1,4143,239,0
0,187,0,1,1,0,0,0,0,5130,347,1
0,15,0,0,2,1,0,1,1,-1,372,0
0,16,0,0,2,0,1,-1,-1,-1,-1,0
0,57,0,1,2,1,0,0,0,1609,216,1
0,91,0,1,1,0,0,0,0,2321,234,1
0,140,0,1,1,0,1,0,0,1387,73,1
0,17,0,0,2,0,0,-1,-1,-1,-1,0
0,108,0,1,3,1,0,0,0,-1,-1,1
0,79,0,1,1,1,1,0,0,3001,285,1
0,105,0,1,1,0,0,0,0,1699,491,1
0,76,0,1,1,0,0,0,0,2925,361,1
0,56,0,1,2,0,0,0,0,986,109,1
0,67,0,1,1,0,1,0,0,1240,220,1
0,65,0,1,1,0,0,0,0,5597,246,1
0,677,0,10,2,0,0,0,0,3954,63,1
0,283,0,1,1,0,0,0,0,1094,366,1
0,75,0,1,2,0,0,0,0,4375,7,1
0,88,0,4,1,1,0,0,0,5000,477,1
1,54,0,0,3,0,0,0,0,-1,-1,1
0,13,0,0,1,0,0,-1,-1,-1,-1,0
0,109,0,1,2,0,0,0,0,478,251,1
0,97,0,1,2,1,1,0,0,4577,170,1
0,175,0,1,1,1,0,0,0,1233,227,1
1,16,0,0,3,0,0,0,0,153,-1,1
0,96,0,1,2,0,0,0,0,7728,305,1
0,21,0,0,3,1,0,1,1,-1,-1,0
1,18,0,0,3,0,0,0,0,738,-1,1
0,62,0,1,1,1,0,0,0,7399,269,1
0,81,0,1,2,1,0,0,0,-1,-1,1
0,78,0,1,2,1,0,0,0,-1,-1,1
0,11,0,0,1,0,0,1,0,9107,387,0
0,95,0,1,1,1,0,0,0,1715,475,1
0,58,0,1,1,1,0,0,0,4770,342,1
0,280,0,1,2,0,0,0,0,4375,7,1
0,24,0,0,2,0,0,0,1,-1,-1,0
0,78,0,1,1,0,0,0,0,1803,387,1
0,137,0,1,1,0,0,0,0,7245,789,1
0,10,1,0,1,1,0,0,0,2756,165,1
0,114,0,1,2,0,0,0,0,1732,94,1
1,41,0,0,3,0,0,0,0,-1,-1,1
0,67,0,1,2,0,0,0,0,1287,173,1
0,81,0,1,1,1,0,0,0,1954,236,1
0,68,0,1,1,1,0,0,0,2162,28,1
0,38,0,1,1,1,0,0,0,-1,-1,1
0,111,1,0,1,1,0,0,0,-1,-1,1
0,263,0,1,1,1,0,0,0,6367,1667,1
0,81,0,1,1,1,0,0,0,7399,269,1
0,63,0,1,1,1,0,0,0,644,85,1
0,72,0,1,1,1,0,0,0,7436,232,0
0,84,0,1,2,1,0,0,0,3083,203,1
0,68,0,1,1,1,0,0,0,7399,269,1
1,34,0,0,3,0,0,0,0,3549,-1,1
0,16,0,0,1,1,0,1,1,6817,853,0
0,49,0,0,2,1,0,0,1,-1,-1,1
0,90,0,1,2,0,0,0,0,-1,-1,1
0,81,0,1,2,1,0,0,0,552,177,1
1,113,0,0,3,0,0,0,0,832,-1,1
0,78,0,1,1,0,0,0,0,2925,361,1
0,73,0,0,2,1,0,0,1,-1,-1,1
0,58,0,1,2,0,0,0,0,637,92,1
0,116,0,1,2,0,0,0,0,1732,94,1
1,62,0,0,3,0,0,0,0,-1,-1,1
0,117,0,0,1,0,6,0,1,1779,46,1
0,275,0,0,1,0,0,0,1,6677,1142,1
1,31,0,0,3,0,0,0,0,3835,-1,1
0,92,0,1,2,0,0,0,0,5066,777,1
0,71,0,1,3,1,0,0,0,3466,2377,1
0,11,1,0,1,0,0,0,0,2734,553,1
0,285,0,1,1,1,0,0,0,3177,109,1
0,29,0,0,2,0,2,1,1,-1,-1,1
0,20,1,0,1,1,0,0,0,6058,2707,1
0,219,0,1,1,0,0,0,0,2341,610,1
0,49,0,1,2,0,0,0,0,4966,65,1
0,13,0,0,2,0,0,1,0,395,334,0
0,93,0,1,2,1,1,0,0,4577,170,1
0,152,1,0,1,1,0,0,0,-1,-1,1
0,359,0,1,2,0,1,0,0,2044,511,1
0,49,0,1,1,1,0,0,0,700,29,1
0,19,0,0,3,0,0,1,1,-1,-1,0
0,72,0,1,1,0,0,0,0,209,155,1
0,69,1,0,1,1,0,0,0,-1,-1,1
0,118,0,1,1,0,0,0,0,367,1458,1
0,52,0,1,1,1,0,0,0,1738,452,1
0,17,0,0,2,1,0,0,1,3832,184,0
0,24,0,0,2,1,0,1,1,7931,102,0
0,58,0,1,2,0,0,0,0,-1,-1,1
0,17,0,0,3,0,0,-1,-1,-1,-1,0
0,152,0,1,1,0,0,0,0,2224,331,1
0,123,0,1,1,0,0,0,0,367,1458,1
0,119,0,1,1,1,0,0,0,414,315,1
0,112,0,1,3,1,0,0,0,-1,-1,1
0,142,0,1,1,1,1,0,0,310,54,1
0,32,0,1,1,1,0,0,0,63,301,1
0,77,0,1,2,0,0,0,0,1488,337,1
0,56,0,1,1,1,0,0,0,3761,1716,1
0,15,0,0,3,0,0,0,1,-1,-1,0
0,105,0,1,3,0,0,0,0,2724,1293,1
0,104,0,1,2,0,0,0,0,-1,-1,1
0,24,1,0,1,1,0,0,0,3050,235,1
0,27,0,0,3,1,0,1,0,5050,62,0
0,25,0,1,1,1,0,0,0,4226,-1,1
0,20,1,0,1,1,0,0,0,2755,166,1
0,21,0,0,2,1,0,1,1,6186,22,0
0,13,0,0,2,1,0,1,0,9447,412,0
0,20,0,0,2,1,0,1,0,7138,166,0
0,62,0,1,2,0,0,0,0,1388,72,1
0,209,0,1,1,0,0,0,0,1357,103,1
0,39,0,1,1,1,0,0,0,63,301,1
0,91,0,1,1,1,0,0,0,1715,475,1
1,27,0,0,3,0,0,0,0,-1,-1,1
0,79,0,1,1,0,0,0,0,1251,209,1
0,69,0,1,1,1,0,0,0,2055,135,1
0,17,0,0,2,1,0,1,0,7999,765,0
0,67,0,1,1,1,0,0,0,345,19,1
0,67,0,1,3,0,0,0,0,1769,56,1
0,93,0,1,1,0,0,0,0,1167,293,1
0,63,0,1,1,0,0,0,0,-1,-1,1
0,75,0,1,1,1,0,0,0,3761,1716,1
0,25,1,0,1,1,0,0,0,6059,2706,1
0,22,0,0,2,1,0,1,0,6418,155,0
0,24,1,0,1,1,0,0,0,6060,2705,1
0,181,0,1,1,0,0,0,0,5130,347,1
0,57,0,1,3,1,0,0,0,1968,953,1
0,87,0,1,1,1,0,0,0,31,333,1
0,284,0,1,2,0,0,0,0,-1,-1,1
0,24,0,0,2,1,0,1,1,8723,406,0
0,70,0,1,2,1,0,0,0,2513,408,1
0,60,0,1,1,1,0,0,0,-1,-1,1
1,36,0,0,3,0,0,0,0,3355,-1,1
0,66,0,1,1,1,0,0,0,3761,1716,1
0,105,0,1,2,0,0,0,0,3918,99,1
0,81,0,1,2,0,0,0,0,3137,149,1
0,70,0,1,1,0,0,0,0,2328,227,1
1,158,0,0,3,0,0,0,0,-1,-1,1
0,20,1,0,1,1,0,0,0,-1,-1,0
0,94,0,1,1,0,0,0,0,3596,786,1
0,273,0,1,2,0,0,0,0,405,41,1
1,22,0,0,3,0,0,0,0,-1,-1,1
0,56,0,1,1,1,3,0,0,142,222,1
0,348,0,1,2,1,0,0,0,326,38,1
0,274,0,1,1,1,0,0,0,2571,350,1
0,18,0,0,2,1,0,0,1,4578,169,0
0,62,0,1,1,0,0,0,0,3309,372,1
0,19,0,0,2,0,0,1,1,7882,153,0
0,72,0,1,1,0,0,0,0,1131,329,1
0,39,0,1,2,1,1,0,0,7478,190,0
0,78,0,1,1,0,0,0,0,4514,233,1
0,29,0,0,2,1,1,1,1,239,125,1
0,128,0,1,1,0,0,0,0,3309,372,1
0,13,1,0,1,1,0,0,0,-1,-1,0
0,16,0,0,2,0,1,1,0,7623,45,0
0,26,1,0,1,0,0,0,0,6715,287,1
0,19,0,0,2,1,0,1,1,4673,1170,0
0,61,0,1,2,1,0,0,0,2683,3160,1
0,112,0,1,1,1,0,0,0,7399,269,1
0,149,0,1,2,0,0,0,0,-1,-1,1
0,56,0,1,1,0,0,0,0,2931,355,1
0,15,0,0,1,1,0,1,0,2701,220,0
0,32,1,0,1,1,0,0,0,5440,403,0
1,207,0,0,3,0,0,0,0,485,-1,1
0,75,0,1,1,0,0,0,0,2925,361,1
0,18,0,0,1,0,0,1,1,122,242,1
1,46,0,0,3,0,0,0,0,2737,-1,1
0,12,1,0,1,1,0,0,0,6716,286,1
0,71,0,1,1,0,0,0,0,1976,214,1
0,12,0,0,2,1,0,1,1,7797,3524,0
0,93,0,1,2,1,0,0,0,1654,902,1
0,79,0,1,1,0,0,0,0,1804,386,1
0,32,0,0,1,0,0,1,1,1522,303,1
0,68,0,1,2,1,1,0,0,1842,348,1
0,18,0,0,2,1,0,1,1,4509,238,0
0,28,1,0,1,1,0,0,0,-1,-1,1
0,270,0,1,1,0,0,0,0,4514,233,1
0,61,0,1,1,1,0,0,0,2566,355,1
0,82,0,1,1,0,0,0,0,371,724,1
0,53,0,1,2,0,0,0,0,5600,243,1
0,216,0,1,1,0,0,0,0,2340,611,1
0,72,0,1,2,0,0,0,0,810,284,1
0,18,0,0,2,1,0,1,1,4000,1113,0
0,67,0,1,2,1,0,0,0,-1,-1,1
0,23,0,0,2,1,0,1,0,7975,1031,0
0,87,0,1,1,1,0,0,0,7399,269,1
0,238,0,0,0,0,0,1,1,-1,-1,1
0,327,0,1,1,1,0,0,0,36,328,1
0,79,0,1,2,1,0,0,0,1798,27,1
0,206,0,1,1,0,0,0,0,-1,-1,1
0,12,0,0,2,1,0,0,1,8144,249,0
0,239,0,1,2,0,1,0,0,3545,106,1
0,75,0,1,3,1,0,0,0,477,252,1
0,18,0,0,2,1,0,1,0,3403,248,0
0,174,0,1,1,1,0,0,0,6945,725,1
0,66,0,0,1,0,0,0,1,721,8,1
0,87,0,1,2,1,0,0,0,1654,902,1
0,288,0,1,2,0,0,0,0,-1,-1,1
0,79,0,1,1,0,0,0,0,370,359,1
0,12,0,0,2,1,0,1,1,7672,361,0
0,52,0,1,1,0,0,0,0,5809,34,1
1,69,0,0,3,0,0,0,0,-1,-1,1
1,12,0,0,3,0,0,0,0,799,-1,1
0,72,0,1,1,0,0,0,0,2925,361,1
0,83,0,1,2,1,0,0,0,-1,-1,1
0,61,0,1,2,0,0,0,0,-1,-1,1
0,50,0,1,1,0,0,0,0,2319,236,1
0,65,0,0,1,1,0,0,1,7129,906,1
0,86,0,1,2,0,0,0,0,1726,99,1
0,100,0,1,1,1,0,0,0,2930,356,1
0,90,0,1,1,1,0,0,0,2706,215,1
0,124,0,1,2,1,0,0,0,1102,358,1
0,28,0,0,3,1,0,0,1,5050,62,0
0,316,0,1,2,0,0,0,0,2862,59,1
0,10,0,0,2,0,0,-1,-1,-1,-1,0
0,44,0,1,1,1,0,0,0,3799,-1,1
0,9,0,0,1,0,0,-1,-1,-1,-1,0
1,115,0,0,3,0,0,0,0,835,-1,1
1,117,0,0,3,0,0,0,0,832,-1,1
0,100,0,1,1,1,0,0,0,1497,328,1
0,15,0,0,2,0,0,1,0,7087,583,0
0,278,0,1,2,0,0,0,0,-1,-1,1
0,17,0,0,1,0,0,1,1,4590,888,0
0,285,0,1,1,0,0,0,0,1285,175,1
1,78,0,0,3,0,0,0,0,-1,-1,1
0,75,0,1,1,1,0,0,0,1497,328,1
0,52,0,5,2,1,0,0,0,367,3,1
0,66,0,1,1,0,0,0,0,506,223,1
0,104,0,1,1,0,0,0,0,1092,368,1
0,15,0,0,2,0,0,0,1,7070,234,0
0,72,0,1,1,0,0,0,0,661,68,1
1,47,0,0,3,0,0,0,0,-1,-1,1
0,202,0,1,1,0,0,0,0,4124,258,1
0,21,0,0,2,1,0,1,1,522,207,1
0,80,0,1,1,1,0,0,0,281,83,1
0,11,0,0,2,1,0,1,0,11142,3179,0
0,109,0,1,1,0,0,0,0,1286,174,1
0,72,0,1,1,1,0,0,0,7399,269,1
0,62,0,1,1,0,0,0,0,4514,233,1
0,114,0,1,2,1,0,0,0,552,177,1
0,117,0,1,3,0,0,0,0,-1,-1,1
1,66,0,0,3,0,0,0,0,1610,-1,1
0,11,0,0,1,0,0,0,1,5758,816,0
0,99,0,1,1,0,0,0,0,330,34,1
0,12,1,0,1,1,0,0,0,4005,12,1
0,97,0,1,1,1,0,0,0,1775,50,1
1,38,0,0,3,0,0,0,0,4466,-1,1
0,52,0,1,1,0,0,0,0,1647,178,1
0,153,0,1,1,1,0,0,0,2191,364,1
0,68,0,1,1,0,0,0,0,1445,15,1
0,244,0,1,1,1,0,0,0,182,182,1
0,221,0,1,2,0,0,0,0,3641,375,1
0,61,0,1,1,0,0,0,0,1445,15,1
0,62,0,1,3,0,0,0,0,1769,56,1
0,80,0,1,1,0,0,0,0,1081,14,1
0,55,0,1,1,0,0,0,0,2305,250,1
0,72,0,1,1,1,0,0,0,3178,108,1
0,77,0,1,2,1,0,0,0,2060,130,1
0,214,0,1,1,1,0,0,0,7399,269,1
0,66,0,1,1,0,1,0,0,325,39,1
0,239,0,1,1,0,0,0,0,4514,233,1
0,92,0,1,1,1,0,0,0,2336,219,1
0,150,0,1,2,1,0,0,0,649,80,1
0,79,0,1,2,1,0,0,0,2060,130,1
0,34,0,0,2,1,0,0,0,5629,214,0
0,33,0,0,2,1,0,0,0,451,278,0
0,16,0,0,2,1,0,0,0,7072,598,0
0,45,0,0,2,1,0,0,0,-1,-1,0
0,48,0,0,4,0,0,0,0,-1,-1,0
0,229,0,0,1,0,0,0,0,3299,352,1
0,18,0,0,2,1,0,0,0,4093,1385,0
0,34,0,0,2,1,0,0,0,-1,-1,1
0,17,0,0,2,0,0,0,0,1003,92,0
0,10,0,0,1,0,0,0,0,38,326,0
0,46,0,0,2,1,2,0,0,5719,124,1
0,86,0,0,1,1,0,0,0,6071,502,1
0,301,0,1,1,0,0,0,0,2566,355,1
0,126,0,0,3,0,1,0,0,-1,-1,1
0,15,0,0,3,1,0,0,0,-1,-1,0
0,154,0,0,1,0,0,0,0,2936,350,1
0,15,0,0,2,0,0,0,0,7462,206,0
0,16,0,0,3,1,0,0,0,-1,-1,0
0,161,0,0,10,0,5,0,0,-1,-1,1
0,44,0,0,1,0,1,0,0,2546,10,1
0,18,0,0,3,0,0,0,0,-1,-1,0
0,14,0,0,2,0,0,0,0,-1,-1,0
0,60,0,0,1,1,0,0,0,6703,235,1
0,14,0,0,3,1,0,0,0,-1,-1,0
0,67,0,0,2,0,0,0,0,-1,-1,1
0,14,0,0,2,1,0,0,0,-1,-1,0
0,12,0,0,2,0,0,0,0,-1,-1,0
0,9,0,0,2,0,0,0,0,-1,-1,0
0,56,0,0,1,0,0,0,0,6576,1823,1
0,20,0,0,2,0,0,0,0,8378,386,0
0,33,0,0,1,1,0,0,0,-1,-1,1
0,18,0,0,2,1,0,0,0,3808,208,0
0,37,0,0,1,1,0,0,0,1946,244,1
0,22,0,0,1,1,0,0,0,23,341,1
0,13,0,0,1,0,0,0,0,1122,338,0
0,18,0,0,2,0,0,0,0,7071,599,0
0,25,0,0,1,1,0,0,0,1190,270,1
0,20,0,0,2,1,0,0,0,-1,-1,0
0,46,0,0,2,1,0,0,0,-1,-1,1
0,24,0,0,2,1,0,0,0,-1,-1,1
0,22,0,0,2,0,0,0,0,6456,482,0
0,48,0,0,1,1,0,0,0,1037,58,1
0,29,0,0,2,0,0,0,0,8298,101,0
0,16,0,0,2,0,0,0,0,8217,1279,0
0,14,0,0,2,0,0,0,0,795,66,0
0,49,0,0,1,1,0,0,0,1828,362,1
0,14,0,0,2,0,0,0,0,6446,612,0
0,20,0,0,2,0,0,0,0,5827,16,0
0,46,0,0,1,0,0,0,0,1573,252,1
0,14,0,0,1,1,0,0,0,3165,486,0
0,15,0,0,1,1,0,0,0,697,397,0
0,30,0,0,1,0,0,0,0,5358,851,1
0,27,0,0,1,1,0,0,0,6831,473,0
0,14,0,0,2,0,0,0,0,-1,-1,1
0,16,0,0,2,0,1,0,0,-1,-1,0
0,46,0,0,2,1,0,0,0,5513,330,1
0,16,0,0,1,1,0,0,0,4433,314,0
0,355,0,0,2,1,0,0,0,-1,-1,1
0,24,0,0,2,1,0,0,0,-1,-1,0
0,11,0,0,2,1,0,0,0,240,124,0
0,37,0,0,2,0,0,0,0,-1,-1,1
0,13,0,0,1,0,0,0,0,-1,-1,1
0,14,0,0,2,0,0,0,0,7256,412,0
0,73,0,0,2,0,0,0,0,2592,329,1
0,56,0,0,2,1,0,0,0,-1,-1,1
0,19,0,0,2,1,0,0,0,3811,571,0
0,52,0,0,1,1,0,0,0,1894,296,1
0,61,0,0,2,0,0,0,0,-1,-1,1
0,106,0,0,2,1,0,0,0,5872,660,1
0,34,0,0,2,0,0,0,0,3677,705,1
0,17,0,0,2,0,0,0,0,6181,392,0
0,17,0,0,1,0,0,0,0,4446,301,0
0,11,0,0,2,1,0,0,0,8546,951,0
0,15,0,0,2,0,0,0,0,-1,564,0
0,16,0,0,2,1,0,0,0,6987,329,0
0,44,0,0,4,0,0,0,0,7593,-1,0
0,7,0,0,1,0,0,0,0,-1,-1,0
0,15,0,0,1,0,0,0,0,16,348,1
0,55,0,0,1,0,0,0,0,3518,133,1
0,16,0,0,3,0,0,0,0,-1,-1,0
0,23,0,0,2,1,0,0,0,-1,-1,0
0,24,0,0,2,0,0,0,0,4446,301,0
0,34,0,0,4,0,0,0,0,8217,-1,0
0,55,0,0,3,1,0,0,0,-1,-1,0
0,15,0,0,2,1,0,0,0,6811,1224,0
0,18,0,0,2,0,1,0,0,5475,368,0
0,40,0,0,2,1,0,0,0,-1,-1,1
0,39,0,0,1,1,0,0,0,2554,2,1
0,31,0,0,1,0,0,0,0,2888,33,1
0,16,0,0,1,0,0,0,0,38,326,1
0,28,0,0,2,1,0,0,0,-1,-1,0
0,15,0,0,2,1,0,0,0,4253,129,0
0,15,0,0,3,0,0,0,0,-1,-1,0
0,66,0,0,2,0,0,0,0,-1,-1,1
0,21,0,0,2,1,0,0,0,6107,466,0
0,42,0,0,2,1,1,0,0,-1,-1,1
0,12,0,0,1,0,0,0,0,6897,42,0
0,33,0,0,2,0,0,0,0,1547,278,0
0,52,0,0,1,0,0,0,0,5479,1,1
0,28,0,0,3,1,0,0,0,5221,622,0
0,31,0,0,2,0,0,0,0,-1,-1,1
0,54,0,0,1,0,0,0,0,5460,-1,1
0,25,0,0,1,1,1,0,0,23,341,1
0,20,0,0,2,0,0,0,0,6153,55,0
1,26,0,0,3,0,0,0,0,-1,-1,1
0,22,0,0,3,1,0,0,0,4600,882,0
0,32,0,0,1,0,0,0,0,5663,180,1
0,16,0,0,2,0,1,0,0,7810,956,0
0,51,0,0,3,1,0,0,0,3074,212,1
0,58,0,0,2,1,0,0,0,-1,-1,1
0,27,0,0,2,1,0,0,0,7140,164,0
0,26,0,0,4,0,0,0,0,7883,-1,0
0,26,0,0,2,1,0,0,0,-1,-1,1
0,18,0,0,1,0,0,0,0,6004,204,0
0,29,0,0,2,1,0,0,0,2172,18,1
0,20,0,0,4,1,0,0,0,8006,-1,0
0,39,0,0,2,1,0,0,0,-1,-1,1
0,21,0,0,2,0,1,0,0,-1,-1,0
0,12,0,0,2,0,0,0,0,7778,299,0
0,55,0,0,2,0,0,0,0,6222,351,1
0,17,0,0,2,1,0,0,0,5988,951,0
0,46,0,0,2,0,0,0,0,3644,7,1
0,51,0,0,1,1,0,0,0,3943,74,0
0,62,0,0,1,0,1,0,0,5390,88,0
0,27,0,0,1,1,2,0,0,88,642,1
0,44,0,0,1,0,1,0,0,4480,267,0
0,29,0,0,2,0,0,0,0,-1,-1,1
0,20,0,0,2,1,0,0,0,2334,221,0
0,51,0,0,1,0,0,0,0,3409,608,1
0,32,0,0,2,1,0,0,0,-1,-1,1
0,43,0,0,1,1,0,0,0,4026,356,0
0,15,0,0,2,0,0,0,0,6138,70,0
0,33,0,0,2,1,0,0,0,4501,1707,0
0,20,0,0,2,0,0,0,0,3975,42,0
0,68,0,0,2,0,0,0,0,-1,-1,1
0,50,0,0,2,0,0,0,0,-1,-1,1
0,20,0,0,2,1,0,0,0,4587,160,0
0,35,0,0,1,1,0,0,0,7793,240,0
0,10,0,0,1,0,0,0,0,2983,-1,1
0,11,0,0,2,0,0,0,0,-1,-1,0
0,279,0,1,2,0,0,0,0,4375,7,1
0,14,0,0,2,0,0,0,0,5598,245,0
0,10,0,0,1,1,0,0,0,7731,3590,0
0,18,0,0,3,1,0,0,0,1894,662,0
0,29,0,0,1,1,0,0,0,4034,-1,1
0,54,0,0,2,0,0,0,0,1533,291,1
0,26,0,0,3,0,0,0,0,-1,-1,0
0,20,0,0,2,0,0,1,0,6813,126,0
0,20,0,0,2,1,0,0,0,6088,120,0
0,63,0,0,2,1,0,0,0,-1,-1,1
0,29,0,0,2,1,0,0,0,-1,-1,0
0,22,0,0,2,1,0,0,0,6453,1640,0
0,49,0,0,2,1,0,0,0,-1,-1,1
0,28,0,0,1,0,0,0,0,377,352,1
0,31,1,0,1,1,0,0,0,-1,-1,1
0,34,0,0,1,0,0,0,0,4315,67,1
0,29,0,0,2,1,0,0,0,-1,-1,1
0,46,0,0,2,1,0,0,0,-1,-1,0
0,99,0,0,2,0,0,0,0,4840,272,1
0,32,0,0,2,0,0,0,0,-1,-1,0
0,19,0,0,2,1,0,0,0,6966,338,0
0,15,0,0,2,0,1,0,0,3250,36,0
0,22,0,0,2,0,0,0,0,2174,381,0
0,19,0,0,3,1,0,0,0,-1,-1,0
0,51,0,0,1,1,0,0,0,2179,376,1
0,15,0,0,2,0,0,0,0,-1,-1,0
0,14,0,0,2,0,0,0,0,6716,222,0
0,19,0,0,1,0,0,0,0,1067,393,1
0,17,0,0,2,1,0,0,0,3738,278,0
0,16,0,0,2,0,0,0,0,7894,141,0
0,13,0,0,1,1,1,0,0,55,309,1
0,18,0,0,2,1,1,0,0,5834,740,0
0,18,0,0,2,0,0,0,0,6469,104,0
0,27,0,0,5,0,0,0,0,5088,24,0
0,17,0,0,2,1,0,0,0,6641,297,0
0,25,0,0,2,1,0,0,0,359,736,1
0,18,0,0,2,1,0,0,0,7769,264,0
0,65,0,0,2,1,0,0,0,7690,709,0
0,91,0,0,2,0,0,0,0,-1,-1,1
0,32,0,0,2,1,0,0,0,6767,902,0
0,28,0,0,1,0,0,0,0,1706,484,1
0,45,0,0,2,1,0,0,0,87,277,1
0,20,0,0,3,1,0,0,0,-1,-1,0
0,22,0,0,2,1,0,0,0,4579,168,0
0,64,0,0,1,1,0,0,0,6336,603,1
0,20,0,0,2,1,0,0,0,7826,209,0
0,23,0,0,3,1,1,0,0,6800,504,0
0,18,0,0,2,0,0,0,0,2552,4,0
0,13,0,0,1,0,0,0,0,6370,203,0
0,116,0,0,2,0,0,0,0,-1,-1,1
0,14,0,0,1,1,0,0,0,258,106,1
0,10,0,0,1,1,0,0,0,7106,198,0
0,29,0,0,2,0,0,0,0,1221,239,0
0,205,0,0,1,0,0,0,0,-1,-1,1
0,19,0,0,2,0,0,0,0,6702,602,0
0,37,0,0,2,1,0,0,0,-1,-1,1
0,15,0,0,2,1,0,0,0,4654,824,0
0,25,0,0,2,0,0,0,0,6300,639,0
0,14,0,0,1,1,1,0,0,1338,122,0
0,19,0,0,2,1,0,0,0,1310,516,0
0,36,0,0,1,0,0,0,0,2283,1368,1
0,27,0,0,2,0,0,0,0,-1,-1,0
0,65,0,0,1,0,0,0,0,1590,601,1
0,20,0,0,1,0,0,0,0,2605,1047,1
0,12,0,0,1,0,0,0,0,109,255,0
0,23,0,0,2,0,0,0,0,5977,231,0
0,12,0,0,2,1,0,0,0,8090,308,0
0,16,0,0,2,0,0,0,0,-1,-1,0
0,18,0,0,1,0,0,0,0,6903,36,0
0,57,0,0,2,1,0,0,0,4217,530,1
0,20,0,0,2,0,0,0,0,-1,-1,0
0,356,0,0,2,0,0,0,0,-1,-1,1
0,27,0,0,2,1,1,0,0,1529,296,1
0,11,0,0,2,1,0,0,0,3188,98,0
0,23,0,0,2,1,0,0,0,6746,923,0
0,29,0,0,1,0,0,0,0,2605,1047,1
0,16,0,0,2,0,0,0,0,3213,73,0
0,29,0,0,4,0,0,0,0,8006,-1,0
0,13,0,0,2,1,0,0,0,-1,214,0
0,25,0,0,1,0,0,0,0,-1,-1,1
0,8,0,0,1,0,0,0,0,1795,30,1
0,18,0,0,2,1,0,0,0,5004,1204,0
0,17,0,0,2,0,1,0,0,7083,3143,0
0,27,0,0,1,1,0,0,0,1184,-1,1
0,96,0,0,1,1,0,0,0,3499,883,1
0,30,0,0,2,0,0,0,0,-1,-1,1
0,38,0,0,2,1,0,0,0,6358,3137,0
0,15,0,0,2,0,0,0,0,5901,307,0
0,44,0,0,2,0,1,0,0,-1,-1,1
0,18,0,0,2,0,0,0,0,5761,82,0
0,19,0,0,1,0,0,0,0,2025,165,1
0,19,0,0,2,0,1,0,0,2349,206,0
0,37,0,0,1,0,0,0,0,6597,341,1
0,36,0,0,2,1,0,0,0,-1,-1,0
0,42,0,0,1,0,1,0,0,3589,62,1
0,13,0,0,1,0,0,0,0,4794,469,0
0,24,0,0,2,0,0,0,0,-1,-1,0
0,14,0,0,2,1,0,0,0,8724,405,0
0,36,0,0,2,1,0,0,0,1586,239,1
0,55,0,0,2,1,1,0,0,-1,-1,1
0,32,0,0,2,1,0,0,0,-1,-1,0
0,33,0,0,3,1,0,0,0,-1,-1,0
0,15,0,0,2,1,0,0,0,6545,433,0
0,24,0,0,2,1,0,0,0,9921,304,0
0,18,0,0,2,0,0,0,0,-1,-1,1
0,35,0,0,2,1,0,0,0,-1,-1,0
0,59,0,0,1,1,0,0,0,971,124,1
0,42,0,0,2,1,0,0,0,-1,-1,1
0,21,0,0,2,1,0,0,0,306,58,1
0,67,0,0,2,0,0,0,0,953,873,1
0,23,0,0,2,1,0,0,0,6223,1081,0
0,41,0,0,2,1,0,0,0,-1,-1,1
0,16,0,0,2,1,0,0,0,7556,1208,0
0,6,0,0,1,1,0,0,0,-1,-1,0
0,27,0,0,2,0,0,0,0,-1,-1,1
0,24,0,0,2,1,0,0,0,5520,323,0
0,32,0,0,2,0,0,0,0,-1,-1,1
0,23,0,0,3,0,0,0,0,-1,-1,0
0,12,0,0,2,1,0,0,0,7568,100,0
0,14,0,0,1,1,0,0,0,325,38,1
0,14,0,0,2,0,0,0,0,6699,698,0
0,17,1,0,2,1,0,0,0,4820,120,1
0,19,0,0,2,0,0,0,0,7797,1332,0
0,29,0,0,2,0,0,0,0,1000,95,0
0,22,0,0,2,1,0,0,0,4574,904,0
0,18,0,0,2,0,0,0,0,7487,912,0
0,69,0,0,1,0,0,0,0,-1,-1,1
0,39,0,0,2,1,0,0,0,-1,-1,0
0,12,0,0,1,1,0,0,0,1847,343,0
0,33,0,0,1,0,0,0,0,5649,194,1
0,33,0,0,1,1,0,0,0,2842,79,1
0,23,0,0,3,0,0,0,0,2102,88,0
0,19,0,0,2,1,0,0,0,5414,795,0
0,19,0,0,2,0,0,0,0,6852,87,0
0,11,0,0,2,1,0,0,0,8378,1482,0
0,17,0,0,2,0,0,0,0,6859,445,0
0,17,0,0,3,0,0,0,0,8490,-1,0
0,8,0,0,1,0,0,0,0,7232,436,0
0,27,0,0,2,1,0,0,0,6683,255,0
0,21,0,0,2,0,0,0,0,334,30,0
0,21,0,0,2,1,0,0,0,2163,27,1
0,14,0,0,2,1,0,0,0,2951,2527,0
0,28,0,0,3,1,0,0,0,-1,-1,0
0,18,0,0,2,0,0,0,0,7751,282,0
0,17,0,0,2,0,0,0,0,4683,64,0
0,16,0,0,2,0,0,0,0,288,76,1
0,19,0,0,2,0,0,0,0,-1,-1,0
0,15,0,0,1,0,0,0,0,2641,280,0
0,26,0,0,2,1,0,0,0,5938,1731,0
0,19,0,0,1,0,0,0,0,6681,623,0
0,21,0,0,2,1,0,0,0,3735,281,0
0,13,0,0,1,1,0,0,0,7127,543,0
0,24,0,0,2,0,0,0,0,7524,510,0
0,22,0,0,2,0,0,0,0,905,189,0
0,18,0,0,2,0,0,0,0,-1,-1,0
0,42,0,0,1,0,0,0,0,2359,226,1
0,18,0,0,2,1,0,0,0,6998,306,0
0,21,0,0,1,0,0,0,0,1102,358,1
0,18,0,0,2,1,0,0,0,7227,77,0
0,37,0,0,2,0,0,0,0,4371,376,1
0,19,0,0,3,0,0,0,0,6385,188,0
0,12,0,0,1,1,0,0,0,6359,3136,0
0,51,0,0,2,0,0,0,0,-1,-1,1
0,14,0,0,2,0,0,0,0,5216,627,0
0,34,0,0,2,0,0,0,0,5627,216,0
0,112,0,0,2,0,0,0,0,3442,209,1
0,26,0,0,2,0,0,0,0,5554,2846,0
0,29,0,0,3,0,0,0,0,6630,705,0
0,14,0,0,1,0,0,0,0,2563,358,0
0,23,0,0,2,1,0,0,0,4923,189,0
0,17,0,0,1,1,0,0,0,1009,817,0
0,30,0,0,1,1,0,0,0,6800,504,0
0,21,0,0,2,0,0,0,0,6114,94,0
0,14,0,0,2,0,0,0,0,3376,641,0
0,12,0,0,2,0,0,0,0,5054,423,0
0,17,0,0,2,0,0,0,0,4825,287,0
0,201,0,2,2,1,0,0,0,1174,286,1
0,31,0,0,4,1,0,0,0,8142,-1,0
0,53,0,0,1,1,0,0,0,731,363,1
0,21,0,0,2,1,0,0,0,7638,30,0
0,23,0,0,2,1,1,0,0,4509,238,0
0,14,0,0,2,1,0,0,0,4334,48,0
0,42,0,0,2,0,0,0,0,-1,-1,1
0,11,0,0,2,0,0,0,0,6057,151,0
0,12,0,0,2,1,0,0,0,8263,1234,0
0,22,0,0,2,1,0,0,0,6169,2231,0
0,46,0,0,1,0,0,0,0,2035,155,1
0,48,0,0,2,1,0,0,0,-1,-1,1
0,19,0,0,2,0,0,0,0,4391,356,0
0,20,0,0,1,0,1,0,0,13,351,1
0,15,0,0,2,0,0,0,0,5261,1677,0
0,272,0,1,0,0,0,0,0,-1,-1,1
0,16,0,0,1,1,0,0,0,28,336,1
0,26,0,0,1,1,0,0,0,125,239,1
0,17,0,0,2,1,1,0,0,7052,1348,0
1,23,0,0,3,0,0,0,0,-1,-1,1
0,35,0,0,2,1,0,0,0,3537,114,1
0,17,0,0,2,1,0,0,0,7370,1394,0
0,18,0,0,2,0,0,0,0,7166,311,0
0,13,0,0,1,0,0,0,0,5862,346,0
0,20,0,0,2,1,0,0,0,7640,759,0
0,23,0,0,4,0,0,0,0,8006,-1,0
0,19,0,0,2,1,0,0,0,7301,2,0
0,39,0,0,2,1,2,0,0,-1,-1,1
0,111,0,1,3,1,0,0,0,-1,-1,1
0,14,0,0,1,0,0,0,0,6599,339,0
0,38,0,0,3,0,0,0,0,-1,-1,1
0,15,0,0,2,0,0,0,0,7308,360,0
0,22,0,0,1,1,0,0,0,-1,-1,1
0,15,0,0,2,1,0,0,0,7233,1166,0
0,59,0,0,2,0,1,0,0,-1,-1,1
0,267,0,1,2,0,0,0,0,-1,-1,1
0,56,0,0,1,1,0,0,0,2670,982,1
0,20,0,0,2,1,1,0,0,7194,110,0
0,21,0,0,2,1,0,0,0,5725,849,0
0,17,0,0,2,0,0,0,0,6942,362,0
0,16,0,0,2,0,0,0,0,5680,163,0
0,24,0,0,2,1,0,0,0,4104,278,0
0,9,0,0,1,1,0,0,0,7472,206,0
0,157,0,1,2,1,0,0,0,-1,-1,1
0,14,0,0,2,0,0,0,0,6203,370,0
0,17,0,0,1,0,0,0,0,777,317,0
0,35,0,0,2,1,0,0,0,-1,-1,1
0,36,0,0,1,1,0,0,0,3124,527,1
0,11,0,0,1,0,0,0,0,3579,803,0
0,15,0,0,2,1,0,0,0,8562,570,0
0,28,0,0,1,1,0,0,0,682,47,1
0,38,0,0,1,0,0,0,1,14,350,1
0,28,0,0,4,1,0,0,0,8234,-1,0
0,24,0,0,4,0,0,0,0,7287,-1,0
0,13,0,0,1,1,0,0,0,1953,237,0
0,58,0,0,1,1,0,0,0,6598,340,1
0,19,0,0,4,1,0,0,0,7979,-1,0
0,22,0,0,2,1,0,0,0,6982,322,0
0,48,0,0,1,1,0,0,0,3590,61,1
0,20,0,0,1,1,1,0,0,189,175,1
0,15,0,0,2,1,0,0,0,6276,297,0
0,36,0,0,1,0,0,0,0,1886,303,1
0,32,0,0,2,0,0,0,0,2675,246,0
0,16,0,0,2,0,0,0,0,7784,249,0
0,87,0,0,1,0,0,0,0,1687,138,1
0,17,0,0,1,0,0,0,0,375,354,1
0,12,0,0,1,1,0,0,0,2685,236,0
0,11,0,0,1,1,0,0,0,2664,257,0
0,28,0,0,1,1,0,0,0,1874,316,0
0,16,0,0,2,0,0,0,0,3858,158,0
0,28,0,0,2,0,0,0,0,5644,565,0
0,10,0,0,2,0,0,0,0,-1,-1,0
0,98,0,0,2,1,0,0,0,7158,1972,0
0,72,0,0,1,0,0,0,0,4838,640,1
0,16,0,0,2,1,0,0,0,3119,167,0
0,25,0,0,2,1,0,0,0,-1,-1,0
0,225,0,0,1,0,0,0,0,2458,98,1
0,51,0,0,1,1,0,0,0,3913,469,1
0,52,0,0,3,0,0,0,0,-1,-1,1
0,67,0,0,2,1,0,0,0,2420,501,1
0,18,0,0,2,0,0,0,0,6421,152,0
0,36,0,0,1,1,0,0,0,1762,63,1
0,133,0,1,2,0,0,0,0,1885,1766,1
0,12,0,0,2,0,0,0,0,7356,312,0
0,15,0,0,2,1,0,0,0,-1,-1,0
0,57,0,0,1,0,0,0,0,224,140,0
0,21,0,0,2,0,1,0,0,1474,351,0
0,11,0,0,1,0,0,0,0,443,79,0
0,18,0,0,1,1,0,0,0,2128,62,0
0,18,0,0,2,0,0,0,0,7291,12,0
0,11,0,0,1,0,1,0,0,-1,1488,0
0,52,0,0,1,0,0,0,0,5610,233,1
0,14,0,0,1,0,0,0,0,5209,999,0
0,58,0,0,1,0,0,0,0,1265,195,1
0,18,0,0,2,1,0,0,0,6894,410,0
0,41,0,0,1,0,0,0,0,4029,719,1
0,9,0,0,1,0,0,0,0,2631,21,0
0,20,0,0,2,1,0,0,0,6806,864,0
0,21,0,0,3,0,0,0,0,7206,462,0
0,30,0,0,2,0,0,0,0,1558,267,1
0,18,0,0,2,1,0,0,0,-1,-1,0
0,16,0,0,2,0,1,0,0,-1,-1,1
0,11,0,0,1,0,0,0,0,8,356,1
0,275,0,1,1,0,0,0,0,728,1,1
0,26,0,0,3,0,1,0,0,-1,-1,0
0,23,0,0,2,1,0,0,0,7724,309,0
0,18,0,0,2,1,0,0,0,6658,646,0
0,13,0,0,1,1,0,0,0,4059,323,0
0,19,0,0,2,0,0,0,0,7738,295,0
0,28,0,0,2,0,0,0,0,-1,-1,0
0,23,0,0,4,1,0,0,0,565,-1,0
0,76,0,0,1,0,0,0,0,1952,1699,1
0,23,0,0,2,1,1,0,0,4236,146,0
0,63,0,0,4,1,0,0,0,-1,-1,1
0,23,0,0,1,0,0,0,0,-1,-1,1
0,22,0,0,1,0,1,0,0,-1,-1,1
0,12,0,0,2,1,0,0,0,8377,387,0
0,19,0,0,2,1,0,0,0,7097,207,0
0,21,0,0,3,1,0,0,0,7997,37,0
0,74,0,0,1,0,0,0,0,3595,787,1
0,9,0,0,1,1,0,0,0,7288,380,0
0,76,0,0,2,1,0,0,0,-1,-1,1
0,43,0,0,1,1,0,0,0,2425,131,1
0,135,0,0,1,0,1,0,0,2170,20,1
0,24,0,0,2,1,1,0,0,5431,1002,0
0,52,0,0,2,1,0,0,0,-1,-1,1
0,25,0,0,1,0,1,0,0,-1,-1,1
0,38,0,0,5,0,0,0,0,-1,-1,1
0,15,0,0,1,1,0,0,0,2757,895,0
0,20,0,0,2,0,0,0,0,7142,162,0
0,15,0,0,1,1,0,0,0,7456,212,0
0,33,0,0,2,1,0,0,0,1247,1674,1
0,143,0,0,8,0,0,0,0,-1,-1,1
0,15,0,0,1,0,0,0,0,5726,848,0
0,16,0,0,2,0,0,0,0,5506,337,0
0,26,0,0,2,1,2,0,0,6741,3485,0
0,14,0,0,1,1,0,0,0,6817,2314,0
0,16,0,0,2,1,0,0,0,6142,1162,0
0,36,0,0,2,0,0,0,0,3046,1336,1
0,47,0,0,3,0,0,0,0,-1,-1,1
0,38,0,0,1,0,0,0,0,3972,11,1
0,120,0,0,2,1,0,0,0,7689,710,0
0,17,0,0,2,0,0,0,0,-1,-1,0
0,25,0,0,4,0,0,0,0,8006,-1,0
0,12,0,0,2,1,0,0,0,8384,380,0
0,23,0,0,2,0,0,0,0,-1,-1,0
0,55,0,0,2,0,0,0,0,3236,50,1
0,53,0,0,2,1,2,0,0,-1,-1,1
0,46,0,0,2,0,0,0,0,448,281,1
0,38,0,0,2,1,0,0,0,2684,3159,1
0,30,0,0,2,1,0,0,0,6627,90,0
0,44,0,0,1,0,0,0,0,2873,413,1
0,43,0,0,2,1,0,0,0,-1,-1,1
0,83,0,0,2,1,0,0,0,-1,-1,1
0,15,0,0,2,0,0,0,0,2725,196,0
0,25,0,0,1,0,0,0,0,3586,65,1
0,9,0,0,1,1,0,0,0,5214,263,0
0,20,0,0,2,1,0,0,0,7730,303,0
0,57,0,0,1,1,0,0,0,1030,64,1
0,16,0,0,2,1,0,0,0,5694,149,0
0,14,0,0,3,1,0,0,0,7237,432,0
0,10,0,0,1,0,0,0,0,209,155,0
0,18,0,0,2,1,0,0,0,6036,172,0
0,21,0,0,1,0,0,0,0,5305,173,1
0,23,0,0,2,0,0,0,0,5829,14,0
0,16,0,0,2,0,0,0,0,5759,84,0
0,13,0,0,2,0,0,0,0,6520,84,0
0,22,0,0,2,0,0,0,0,-1,-1,0
0,19,0,0,3,0,0,0,0,-1,-1,0
0,20,0,0,2,0,0,0,0,5144,333,0
0,62,0,0,1,0,1,0,0,2726,195,0
0,49,0,0,1,0,0,0,0,3328,323,1
0,9,0,0,1,0,0,0,0,404,325,0
0,26,0,0,2,0,0,0,0,-1,-1,0
0,13,0,0,2,1,0,0,0,2650,271,0
0,32,0,0,3,0,0,0,0,3575,76,0
0,22,0,0,2,0,0,0,0,6619,319,0
0,15,0,0,2,1,0,0,0,7066,238,0
0,10,0,0,2,0,0,0,0,7735,664,0
0,38,0,0,1,0,1,0,0,43,321,1
0,45,0,0,1,0,0,0,0,7996,325,1
0,19,0,0,1,0,0,0,0,7145,159,0
0,13,0,0,2,0,0,0,0,5969,239,0
0,22,0,0,2,0,0,0,0,7077,958,0
